CustomerID,Age,Gender,Country,PurchaseAmount,ProductCategory,PurchaseDate
2001,57,male,UK,403,Electronics,2024-02-01
2002,43,male,USA,165,Electronics,2024-02-02
2003,40,Male,UK,1337,Beauty,2024-02-03
2004,61,Male,USA,711,Home,2024-02-04
2005,56,Male,Australia,502,Beauty,2024-02-05
2006,32,Male,USA,336,Beauty,2024-02-06
2007,21,male,Canada,1376,Beauty,2024-02-07
2008,46,Male,India,1066,Beauty,2024-02-08
2009,39,Male,India,360,Fashion,2024-02-09
2010,42,male,Australia,257,Home,2024-02-10
2011,30,male,Canada,667,Fashion,2024-02-11
2012,35,male,UK,495,Home,2024-02-12
2013,50,Male,Canada,719,Electronics,2024-02-13
2014,33,Male,India,682,Beauty,2024-02-14
2015,62,Male,India,104,Fashion,2024-02-15
2016,59,male,Canada,961,Home,2024-02-16
2017,61,male,Canada,1085,Electronics,2024-02-17
2018,19,Male,India,706,Electronics,2024-02-18
2019,52,male,UK,1473,Beauty,2024-02-19
2020,59,male,Australia,1029,Home,2024-02-20
2021,51,male,Australia,564,Fashion,2024-02-21
2022,47,Male,Canada,286,Beauty,2024-02-22
2023,30,male,Australia,1352,Fashion,2024-02-23
2024,30,male,India,397,Electronics,2024-02-24
2025,35,Male,India,676,Fashion,2024-02-25
2026,49,Male,Canada,1177,Fashion,2024-02-26
2027,49,male,Canada,679,Beauty,2024-02-27
2028,52,male,Canada,1321,Fashion,2024-02-28
2029,56,Male,UK,413,Beauty,2024-02-29
2030,63,Male,Australia,370,Electronics,2024-03-01
2031,46,male,Canada,335,Beauty,2024-03-02
2032,46,male,USA,198,Beauty,2024-03-03
2033,61,male,USA,1157,Home,2024-03-04
2034,33,male,India,455,Fashion,2024-03-05
2035,61,Male,Australia,1027,Electronics,2024-03-06
2036,64,male,Canada,505,Beauty,2024-03-07
2037,27,male,USA,849,Electronics,2024-03-08
2038,47,Male,Australia,1234,Home,2024-03-09
2039,42,male,India,1062,Fashion,2024-03-10
2040,56,Male,UK,833,Beauty,2024-03-11
2041,37,male,Australia,509,Fashion,2024-03-12
2042,22,male,Australia,787,Home,2024-03-13
2043,18,Male,UK,558,Home,2024-03-14
2044,47,Male,Australia,530,Electronics,2024-03-15
2045,20,male,India,163,Beauty,2024-03-16
2046,62,male,India,798,Electronics,2024-03-17
2047,31,male,UK,410,Home,2024-03-18
2048,47,Male,Canada,390,Fashion,2024-03-19
2049,21,male,USA,819,Electronics,2024-03-20
2050,35,Male,Canada,810,Electronics,2024-03-21
2051,54,Male,Australia,1018,Fashion,2024-03-22
2052,42,male,USA,498,Electronics,2024-03-23
2053,18,Male,UK,884,Fashion,2024-03-24
2054,63,male,UK,1253,Beauty,2024-03-25
2055,32,male,USA,1480,Fashion,2024-03-26
2056,26,male,India,1269,Beauty,2024-03-27
2057,32,male,USA,360,Fashion,2024-03-28
2058,41,male,Australia,311,Home,2024-03-29
2059,21,Male,India,1492,Home,2024-03-30
2060,29,Male,UK,455,Beauty,2024-03-31
2061,54,male,USA,192,Beauty,2024-04-01
2062,54,male,Canada,391,Home,2024-04-02
2063,60,Male,Canada,1389,Beauty,2024-04-03
2064,23,Male,Australia,1174,Fashion,2024-04-04
2065,56,Male,Canada,293,Fashion,2024-04-05
2066,63,Male,USA,539,Home,2024-04-06
2067,41,male,USA,61,Electronics,2024-04-07
2068,28,male,Canada,1312,Fashion,2024-04-08
2069,30,Male,USA,610,Beauty,2024-04-09
2070,51,male,Australia,91,Electronics,2024-04-10
2071,42,Male,India,727,Electronics,2024-04-11
2072,24,male,Australia,643,Fashion,2024-04-12
2073,21,Male,Australia,1231,Fashion,2024-04-13
2074,25,male,USA,1289,Electronics,2024-04-14
2075,37,Male,India,183,Electronics,2024-04-15
2076,46,Male,USA,1140,Home,2024-04-16
2077,62,male,UK,1080,Beauty,2024-04-17
2078,63,Male,USA,997,Home,2024-04-18
2079,27,male,USA,122,Fashion,2024-04-19
2080,60,male,USA,448,Home,2024-04-20
2081,51,Male,India,1478,Home,2024-04-21
2082,43,male,USA,627,Home,2024-04-22
2083,58,male,India,908,Home,2024-04-23
2084,20,male,Canada,179,Beauty,2024-04-24
2085,23,male,UK,980,Beauty,2024-04-25
2086,22,male,India,1279,Electronics,2024-04-26
2087,22,Male,Canada,315,Fashion,2024-04-27
2088,64,male,India,842,Home,2024-04-28
2089,40,male,India,302,Electronics,2024-04-29
2090,26,male,UK,871,Electronics,2024-04-30
2091,52,male,Australia,1362,Electronics,2024-05-01
2092,37,male,Australia,213,Beauty,2024-05-02
2093,59,Male,India,144,Home,2024-05-03
2094,52,male,USA,882,Home,2024-05-04
2095,35,Male,Canada,1183,Fashion,2024-05-05
2096,34,Male,USA,385,Home,2024-05-06
2097,41,Male,USA,871,Home,2024-05-07
2098,20,Male,India,287,Electronics,2024-05-08
2099,49,male,India,430,Fashion,2024-05-09
2100,52,Male,India,948,Home,2024-05-10
2101,55,Male,India,532,Beauty,2024-05-11
2102,30,male,Australia,951,Home,2024-05-12
2103,64,male,India,1098,Electronics,2024-05-13
2104,42,male,Australia,1190,Beauty,2024-05-14
2105,26,Male,Australia,531,Electronics,2024-05-15
2106,21,male,India,1465,Home,2024-05-16
2107,31,male,UK,966,Beauty,2024-05-17
2108,54,Male,Canada,1043,Fashion,2024-05-18
2109,51,male,USA,1013,Fashion,2024-05-19
2110,28,male,Australia,586,Beauty,2024-05-20
2111,58,male,Canada,1152,Beauty,2024-05-21
2112,20,male,UK,1246,Electronics,2024-05-22
2113,45,Male,USA,1085,Beauty,2024-05-23
2114,46,male,USA,177,Electronics,2024-05-24
2115,26,male,Australia,141,Home,2024-05-25
2116,20,Male,India,592,Electronics,2024-05-26
2117,42,male,UK,895,Beauty,2024-05-27
2118,51,Male,Australia,1038,Beauty,2024-05-28
2119,29,male,UK,496,Home,2024-05-29
2120,59,Male,India,439,Beauty,2024-05-30
2121,26,Male,India,721,Beauty,2024-05-31
2122,32,Male,Australia,92,Fashion,2024-06-01
2123,57,Male,India,303,Fashion,2024-06-02
2124,42,male,Canada,1203,Home,2024-06-03
2125,22,Male,USA,1133,Electronics,2024-06-04
2126,28,male,Australia,712,Fashion,2024-06-05
2127,51,Male,UK,516,Electronics,2024-06-06
2128,41,Male,Canada,336,Beauty,2024-06-07
2129,32,Male,Australia,1060,Fashion,2024-06-08
2130,55,male,India,827,Home,2024-06-09
2131,25,Male,India,394,Home,2024-06-10
2132,22,male,India,691,Home,2024-06-11
2133,43,male,India,431,Fashion,2024-06-12
2134,35,male,UK,739,Electronics,2024-06-13
2135,23,male,Canada,1326,Beauty,2024-06-14
2136,54,male,USA,1129,Electronics,2024-06-15
2137,30,male,UK,506,Electronics,2024-06-16
2138,45,male,UK,1032,Beauty,2024-06-17
2139,22,male,USA,132,Beauty,2024-06-18
2140,30,male,USA,1172,Fashion,2024-06-19
2141,34,Male,India,198,Fashion,2024-06-20
2142,57,Male,UK,1402,Fashion,2024-06-21
2143,62,Male,Australia,1229,Fashion,2024-06-22
2144,49,Male,USA,239,Fashion,2024-06-23
2145,46,Male,USA,932,Beauty,2024-06-24
2146,20,male,Canada,312,Electronics,2024-06-25
2147,57,male,Australia,1153,Fashion,2024-06-26
2148,51,male,Australia,449,Fashion,2024-06-27
2149,57,male,USA,813,Electronics,2024-06-28
2150,44,male,India,658,Fashion,2024-06-29
2151,30,male,Canada,1333,Electronics,2024-06-30
2152,62,male,Australia,834,Electronics,2024-07-01
2153,50,Male,USA,150,Beauty,2024-07-02
2154,23,Male,Australia,1432,Home,2024-07-03
2155,41,Male,Canada,1453,Beauty,2024-07-04
2156,36,Male,Canada,869,Home,2024-07-05
2157,33,male,UK,1294,Home,2024-07-06
2158,57,male,USA,869,Home,2024-07-07
2159,45,male,Canada,469,Fashion,2024-07-08
2160,50,Male,UK,173,Beauty,2024-07-09
2161,58,male,UK,471,Home,2024-07-10
2162,30,male,Australia,1304,Electronics,2024-07-11
2163,60,male,Australia,1136,Fashion,2024-07-12
2164,62,Male,UK,817,Beauty,2024-07-13
2165,42,male,Australia,532,Home,2024-07-14
2166,59,Male,Canada,568,Electronics,2024-07-15
2167,53,Male,India,204,Beauty,2024-07-16
2168,44,Male,Canada,141,Beauty,2024-07-17
2169,55,Male,UK,1031,Fashion,2024-07-18
2170,24,male,UK,504,Beauty,2024-07-19
2171,22,Male,Canada,647,Fashion,2024-07-20
2172,60,Male,Australia,559,Home,2024-07-21
2173,62,male,Australia,1256,Fashion,2024-07-22
2174,48,male,UK,435,Electronics,2024-07-23
2175,40,Male,USA,454,Fashion,2024-07-24
2176,59,male,Australia,295,Electronics,2024-07-25
2177,27,Male,Canada,791,Fashion,2024-07-26
2178,49,Male,Australia,710,Beauty,2024-07-27
2179,60,Male,Canada,699,Home,2024-07-28
2180,47,Male,UK,1496,Electronics,2024-07-29
2181,56,male,Australia,950,Fashion,2024-07-30
2182,48,Male,Canada,114,Fashion,2024-07-31
2183,35,male,UK,1086,Fashion,2024-08-01
2184,53,male,USA,262,Beauty,2024-08-02
2185,19,male,Canada,291,Beauty,2024-08-03
2186,31,male,USA,542,Electronics,2024-08-04
2187,30,Male,USA,1286,Electronics,2024-08-05
2188,46,male,India,387,Beauty,2024-08-06
2189,29,Male,Australia,222,Electronics,2024-08-07
2190,56,male,Canada,721,Home,2024-08-08
2191,19,male,USA,213,Home,2024-08-09
2192,49,Male,India,514,Beauty,2024-08-10
2193,30,Male,UK,1044,Electronics,2024-08-11
2194,63,Male,Canada,546,Fashion,2024-08-12
2195,44,male,USA,749,Home,2024-08-13
2196,58,male,Australia,444,Beauty,2024-08-14
2197,34,Male,India,752,Electronics,2024-08-15
2198,57,Male,USA,357,Beauty,2024-08-16
2199,48,Male,Australia,232,Fashion,2024-08-17
2200,51,Male,USA,678,Home,2024-08-18
2201,41,male,Canada,559,Beauty,2024-08-19
2202,62,Male,Canada,595,Beauty,2024-08-20
2203,52,Male,Canada,673,Beauty,2024-08-21
2204,23,Male,India,643,Fashion,2024-08-22
2205,36,Male,Canada,793,Beauty,2024-08-23
2206,47,male,Australia,1300,Fashion,2024-08-24
2207,24,Male,USA,1495,Fashion,2024-08-25
2208,27,male,UK,603,Fashion,2024-08-26
2209,58,Male,Australia,70,Home,2024-08-27
2210,49,Male,Australia,603,Home,2024-08-28
2211,51,male,Canada,446,Beauty,2024-08-29
2212,45,Male,India,674,Beauty,2024-08-30
2213,32,male,USA,154,Home,2024-08-31
2214,47,male,India,241,Electronics,2024-09-01
2215,54,Male,USA,66,Home,2024-09-02
2216,46,male,USA,1193,Fashion,2024-09-03
2217,39,male,India,442,Home,2024-09-04
2218,21,male,Australia,474,Fashion,2024-09-05
2219,37,male,USA,178,Beauty,2024-09-06
2220,49,male,India,1203,Electronics,2024-09-07
2221,53,male,USA,621,Beauty,2024-09-08
2222,21,male,UK,78,Fashion,2024-09-09
2223,44,male,Australia,1170,Fashion,2024-09-10
2224,34,Male,Canada,1083,Fashion,2024-09-11
2225,29,Male,USA,291,Electronics,2024-09-12
2226,39,male,UK,281,Home,2024-09-13
2227,34,Male,Canada,838,Beauty,2024-09-14
2228,27,male,Canada,1357,Beauty,2024-09-15
2229,18,male,USA,764,Home,2024-09-16
2230,39,Male,India,808,Beauty,2024-09-17
2231,43,male,USA,851,Electronics,2024-09-18
2232,35,male,UK,825,Beauty,2024-09-19
2233,31,male,Canada,775,Fashion,2024-09-20
2234,64,male,USA,249,Home,2024-09-21
2235,46,Male,India,994,Electronics,2024-09-22
2236,29,male,USA,128,Home,2024-09-23
2237,53,male,Australia,1005,Electronics,2024-09-24
2238,52,male,India,905,Fashion,2024-09-25
2239,29,Male,UK,1246,Home,2024-09-26
2240,24,male,Canada,516,Beauty,2024-09-27
2241,46,Male,USA,630,Electronics,2024-09-28
2242,28,Male,India,1489,Home,2024-09-29
2243,50,male,Australia,989,Beauty,2024-09-30
2244,23,male,India,498,Home,2024-10-01
2245,64,Male,Australia,136,Home,2024-10-02
2246,32,male,UK,150,Home,2024-10-03
2247,49,Male,Canada,1081,Electronics,2024-10-04
2248,28,Male,UK,894,Beauty,2024-10-05
2249,40,male,USA,1273,Fashion,2024-10-06
2250,43,male,India,136,Electronics,2024-10-07
2251,51,Male,Australia,92,Electronics,2024-10-08
2252,63,Male,Australia,1458,Electronics,2024-10-09
2253,51,Male,India,457,Fashion,2024-10-10
2254,46,Male,India,713,Beauty,2024-10-11
2255,21,male,USA,1090,Beauty,2024-10-12
2256,34,male,UK,197,Beauty,2024-10-13
2257,52,male,Australia,326,Home,2024-10-14
2258,30,male,USA,281,Home,2024-10-15
2259,58,male,UK,415,Home,2024-10-16
2260,56,Male,USA,1301,Fashion,2024-10-17
2261,32,male,Australia,485,Home,2024-10-18
2262,46,male,India,448,Fashion,2024-10-19
2263,46,male,India,1284,Beauty,2024-10-20
2264,28,male,UK,1464,Home,2024-10-21
2265,49,male,Canada,548,Home,2024-10-22
2266,19,Male,UK,589,Electronics,2024-10-23
2267,64,Male,Canada,612,Fashion,2024-10-24
2268,31,Male,USA,491,Beauty,2024-10-25
2269,37,male,USA,1334,Electronics,2024-10-26
2270,39,Male,Australia,822,Electronics,2024-10-27
2271,28,Male,Canada,399,Beauty,2024-10-28
2272,44,male,Australia,1425,Electronics,2024-10-29
2273,20,male,India,569,Fashion,2024-10-30
2274,34,male,Canada,1393,Fashion,2024-10-31
2275,61,Male,UK,187,Home,2024-11-01
2276,45,Male,India,1041,Electronics,2024-11-02
2277,46,male,India,417,Home,2024-11-03
2278,38,male,UK,1293,Electronics,2024-11-04
2279,64,Male,India,1410,Fashion,2024-11-05
2280,33,Male,Canada,1296,Fashion,2024-11-06
2281,54,male,Australia,409,Fashion,2024-11-07
2282,37,male,India,970,Electronics,2024-11-08
2283,23,Male,Canada,378,Fashion,2024-11-09
2284,36,male,USA,1011,Electronics,2024-11-10
2285,22,Male,Canada,512,Home,2024-11-11
2286,20,Male,Australia,995,Electronics,2024-11-12
2287,18,Male,Canada,1012,Home,2024-11-13
2288,55,Male,UK,1455,Electronics,2024-11-14
2289,32,male,Australia,885,Home,2024-11-15
2290,51,male,USA,218,Fashion,2024-11-16
2291,52,Male,UK,266,Home,2024-11-17
2292,42,Male,Canada,427,Fashion,2024-11-18
2293,41,Male,Australia,168,Fashion,2024-11-19
2294,29,Male,USA,239,Home,2024-11-20
2295,35,Male,UK,816,Electronics,2024-11-21
2296,32,male,USA,419,Electronics,2024-11-22
2297,61,male,Canada,198,Beauty,2024-11-23
2298,33,male,USA,701,Electronics,2024-11-24
2299,44,male,India,819,Beauty,2024-11-25
2300,25,Male,UK,423,Electronics,2024-11-26
